Cement,Blast Furnace Slag,Fly Ash,Water,Superplasticizer,Coarse Aggregate,Fine Aggregate,Age (day),Concrete compressive strength,Water/Cement Ratio
213.72,98.05,24.51,181.71,6.86,1065.8,785.38,56,50.77301264,0.540353277
275.07,0,121.35,159.48,9.9,1053.6,777.5,100,58.60546,0.40230059
439,177,0,186,11.1,884.9,707.9,56,71.69860924,0.301948052
193.5,290.2,0,185.7,0,998.2,704.3,28,32.6266938,0.38391565
212.57,0,100.39,159.35,10.37,1003.8,903.79,100,47.73931824,0.509170501
218.85,0,124.13,158.49,11.33,1078.7,794.91,100,46.2293658,0.462096915
159.8,250,0,168.4,12.2,1049.3,688.2,28,39.45595358,0.410932162
237.5,237.5,0,228,0,932,594,270,38.40795006,0.48
298,0,107,210,11,880,744,28,31.87447548,0.518518519
318.8,212.5,0,155.7,14.3,852.1,880.4,56,66.10006412,0.293054771
154.8,0,142.8,193.3,9.1,1047.4,696.7,28,12.4595208,0.64952957
231.75,0,121.62,173.96,6.72,1056.4,778.45,28,33.72916592,0.492288536
342,38,0,228,0,932,670,90,50.45930106,0.6
424,22,132,168,8.92,822,750,56,74.36491146,0.290657439
144,15,195,176,6,1021,709,28,15.340841,0.497175141
286.3,200.9,0,144.7,11.2,1004.6,803.7,91,76.80073164,0.297003284
212.07,0,121.62,180.31,5.69,1057.6,779.32,56,34.20490436,0.540351824
148,0,137,158,16,1002,830,28,17.95395504,0.554385965
251.37,0,118.27,192.94,5.75,1043.6,754.3,56,39.2656582,0.52196732
252,97,76,194,8,835,821,28,33.39821744,0.456470588
475,118.8,0,181.1,8.9,852.1,781.5,56,72.29845336,0.304984843
146,173,0,182,3,986,817,28,23.73865868,0.570532915
380,0,0,228,0,932,670,365,52.51669744,0.6
152,0,112,184,8,992,816,28,12.17614616,0.696969697
237.5,237.5,0,228,0,932,594,180,36.2519586,0.48
300,0,0,184,0,1075,795,28,26.84819544,0.613333333
154.8,183.4,0,193.3,9.1,1047.4,696.7,28,18.28766142,0.571555293
401.8,94.7,0,147.4,11.4,946.8,852.1,28,68.4994406,0.296878147
198.6,132.4,0,192,0,978.4,825.5,360,44.2960751,0.580060423
475,0,0,228,0,932,594,270,42.13112046,0.48
213.5,0,174.24,154.61,11.66,1052.3,775.48,56,51.4349096,0.398746583
314,145.3,113.2,178.9,8,869.1,690.2,28,46.23419213,0.312489083
136,162,126,172,10,923,764,28,29.06830816,0.405660377
318.8,212.5,0,155.7,14.3,852.1,880.4,91,68.09954452,0.293054771
212.07,0,121.62,180.31,5.69,1057.6,779.32,28,24.90387312,0.540351824
540,0,0,173,0,1125,613,90,69.65776028,0.32037037
322.5,148.6,0,185.8,8.5,951,709.5,28,52.42637609,0.394396094
362.6,189,0,164.9,11.6,944.7,755.8,91,79.29663476,0.298948513
181.38,0,167.01,169.59,7.56,1055.6,777.8,100,45.3675208,0.486782055
289,134,0,195,6,924,760,28,46.24315532,0.460992908
218.85,0,124.13,158.49,11.33,1078.7,794.91,56,37.2661778,0.462096915
228,342.1,0,185.7,0,955.8,674.3,28,39.6993386,0.325732328
284,119.7,0,168.3,7.2,970.4,794.2,28,40.9348796,0.416893733
520,0,0,175,5.2,870,805,28,51.021224,0.336538462
355,19,97,145,13.13,967,871,28,44.02993736,0.307855626
251.81,0,99.94,146.14,12.35,1006,899.76,100,45.3675208,0.415465529
153.1,145,113,178.5,8,1001.9,688.7,28,25.5595648,0.434200924
178.03,129.8,118.6,179.94,3.57,1007.3,746.8,28,39.1622368,0.421968436
427.5,47.5,0,228,0,932,594,28,37.42751518,0.48
158.4,0,194.9,219.7,11,897.7,712.9,28,8.536402356,0.621851118
218.85,0,124.13,158.49,11.33,1078.7,794.91,28,30.21973308,0.462096915
334,17.6,158,189,15.3,967,633,28,44.32641204,0.370879121
337.9,189,0,174.9,9.5,944.7,755.8,56,59.89478012,0.331941545
168.88,42.22,124.25,158.33,10.83,1080.8,796.15,28,31.11605188,0.472133592
387,20,94,157,14.32,938,845,56,56.33708396,0.313373253
198.6,132.4,0,192,0,978.4,825.5,28,28.02168359,0.580060423
284,15,141,179,5.46,842,801,28,43.73346268,0.406818182
366,187,0,191.3,6.6,824.3,756.9,28,65.90907927,0.345931284
167,75.4,167,164.03,7.91,1007.3,770.1,100,56.8128224,0.400659502
157,236,0,192,0,935.4,781.2,90,43.37700359,0.488549618
251.81,0,99.94,146.14,12.35,1006,899.76,56,44.14025352,0.415465529
265,111,86,195,6,833,790,28,41.540929,0.422077922
359,19,141,154,10.91,942,801,56,66.78067543,0.29672447
385,0,136,158,20,903,768,28,55.55108132,0.303262956
480,0,0,192,0,936.2,712.2,90,54.31554033,0.4
336,0,0,182,3,986,817,28,44.86420332,0.541666667
297.8,137.2,106.9,201.3,6,878.4,655.3,28,53.52471136,0.371470751
181.38,0,167.01,169.59,7.56,1055.6,777.8,56,35.57006684,0.486782055
152.6,238.7,0,200,6.3,1001.8,683.9,28,26.85991653,0.51111679
141.3,212,0,203.5,0,971.8,748.5,28,29.89223198,0.575997736
277.05,0,97.39,160.6,11.83,973.9,875.61,28,48.28400428,0.428907168
349,0,0,192,0,1047,806,360,42.1269836,0.550143266
318,0,126,210,6,861,737,28,40.0585556,0.472972973
236,0,0,193,0,968,885,365,25.08313688,0.81779661
233.81,0,94.58,197.89,4.567,947.04,852.16,56,27.66177712,0.602606657
480,0,0,192,0,936.2,712.2,28,43.94237391,0.4
331,0,0,192,0,1025,821,120,39.38286912,0.580060423
255.3,98.8,77,188.6,6.5,919,749.3,28,33.798803,0.437485502
339.2,0,0,185.7,0,1069.2,754.3,28,31.89998609,0.547464623
298.1,0,107.5,163.6,12.8,953.2,784,28,35.86585204,0.403353057
190.34,0,125.18,166.61,9.88,1079,798.9,100,33.56369168,0.528048935
250,0,0,182,0,1100,820,28,20.87043852,0.728
150,236.8,0,173.8,11.9,1069.3,674.8,28,37.43165204,0.449327818
167.35,129.9,128.62,175.46,7.79,1006.3,746.6,100,53.65502232,0.412003663
362.6,189,0,164.9,11.6,944.7,755.8,56,77.29715436,0.298948513
275.07,0,121.35,159.48,9.9,1053.6,777.5,56,56.8472962,0.40230059
160,188,146,203,11,829,710,28,32.83974188,0.410931174
182.04,45.21,121.97,170.21,8.19,1059.4,780.65,56,43.49904084,0.487400493
475,118.8,0,181.1,8.9,852.1,781.5,28,68.29949256,0.304984843
362.6,189,0,164.9,11.6,944.7,755.8,28,71.29871316,0.298948513
168.88,42.22,124.25,158.33,10.83,1080.8,796.15,56,39.14844728,0.472133592
173,116,0,192,0,946.8,856.8,90,32.10269204,0.664359862
290.2,193.5,0,185.7,0,998.2,704.3,28,33.0431373,0.38391565
162,190.1,148.1,178.8,18.8,838.1,741.4,28,33.76226077,0.357457017
491,26,123,201,3.93,822,699,28,57.915984,0.3140625
313,145,0,178,8,867,824,28,44.38846488,0.388646288
296,0,106.7,221.4,10.5,819.2,778.4,28,31.4201108,0.549788925
141.9,166.6,129.7,173.5,10.9,882.6,785.3,28,44.6118551,0.395937928
313.3,0,113,178.5,8,1001.9,688.7,28,36.80491836,0.418719212
149,139,109,193,6,892,780,28,23.69039536,0.486146096
165,0.02,143.57,163.81,0,1005.6,900.9,100,37.9556538,0.530833792
405,0,0,175,0,1120,695,28,52.30364936,0.432098765
304,76,0,228,0,932,670,270,54.37828264,0.6
342,38,0,228,0,932,670,270,55.06431126,0.6
141.3,212,0,203.5,0,971.8,748.5,90,39.6621069,0.575997736
237.5,237.5,0,228,0,932,594,90,33.11691123,0.48
376,0,0,214.6,0,1003.5,762.36,28,31.97100212,0.570744681
252.5,0,0,185.7,0,1111.6,784.3,28,19.76520849,0.735445545
213.5,0,174.24,154.61,11.66,1052.3,775.48,28,45.93978588,0.398746583
158.8,238.2,0,185.7,0,1040.6,734.3,28,21.0662497,0.467758186
500,0,0,200,0,1125,613,270,55.15808,0.4
331,0,0,192,0,1025,821,90,37.91428524,0.580060423
150,237,0,174,12,1069,675,28,37.43165204,0.449612403
480,0,0,192,0,936,721,28,43.89204216,0.4
173.81,93.37,159.9,172.34,9.73,1007.2,746.6,56,48.9872698,0.403530954
212,141.3,0,203.5,0,973.4,750,90,39.70002808,0.575997736
296,0,0,186,0,1090,769,28,25.17966352,0.628378378
310,143,111,168,22,914,651,28,33.68779736,0.29787234
379.5,151.2,0,153.9,15.9,1134.3,605,91,56.49566344,0.289994347
350,0,0,186,0,1050,770,28,34.29453624,0.531428571
145.7,172.6,0,181.9,3.4,985.8,816.8,28,23.74417449,0.571473453
251.37,0,118.27,188.45,5.75,1028.4,757.73,28,29.65436276,0.509820366
303.6,139.9,0,213.5,6.2,895.5,722.5,28,33.4195912,0.481397971
393,0,0,192,0,940,758,90,48.79421652,0.488549618
246.83,0,125.08,143.3,11.99,1086.8,800.89,56,60.32225524,0.385308274
287.3,120.5,93.9,187.6,9.2,904.4,695.9,28,43.79827342,0.373928643
194.68,0,100.52,170.17,7.48,998,901.8,56,43.38872468,0.57645664
349,0,0,192,0,1047,806,90,39.48629052,0.550143266
446,24,79,162,11.64,967,712,28,51.021224,0.295081967
362.6,189,0,164.9,11.6,944.7,755.8,28,71.29871316,0.298948513
238.05,0,94.11,186.66,7,949.91,847.01,56,39.58971192,0.561958092
356,0,142,193,11,801,778,28,40.86524252,0.387550201
173.54,50.05,173.53,164.77,6.47,1006.2,793.5,56,53.77223324,0.414912369
254,0,0,198,0,968,863,180,27.62730332,0.779527559
425,106.3,0,151.4,18.6,936,803.7,56,64.90037588,0.284961415
172.38,13.61,172.37,156.76,4.14,1006.3,856.4,56,35.852752,0.437437214
424,22,132,178,8.48,822,750,56,65.69721315,0.307958478
220.8,147.2,0,185.7,0,1055,744.3,28,25.74503384,0.504619565
313.3,145,0,178.5,8,1001.9,688.7,28,41.05346947,0.389482871
198.6,132.4,0,192,0,978.4,825.5,90,38.07424367,0.580060423
469,117.2,0,137.8,32.2,852.1,840.5,56,69.29923276,0.235073354
164,163,128,197,8,961,641,28,27.234302,0.432967033
315,137,0,145,5.9,1130,745,28,81.75116932,0.32079646
362.6,189,0,164.9,11.6,944.7,755.8,91,79.29663476,0.298948513
323.7,282.8,0,183.8,10.3,942.7,659.9,56,80.19984832,0.303050289
295.71,0,95.64,171.54,8.87,955.14,859.2,56,48.71837416,0.438328862
313,0,0,178,8,1000,822,28,25.0969264,0.568690096
139.6,209.4,0,192,0,1047,806.9,90,39.35804798,0.550143266
252.31,0,98.75,146.25,14.17,987.76,889.01,56,55.82687172,0.416595454
286.3,200.9,0,144.7,11.2,1004.6,803.7,56,72.99482412,0.297003284
155,184,143,194,9,880,699,28,28.98557104,0.402489627
333,0,0,192,0,931.2,842.6,28,31.96686526,0.576576577
387,20,94,157,11.61,938,845,56,61.45989064,0.313373253
261,100,78,201,9,864,761,28,32.39847724,0.45785877
159,209,161,201,7,848,669,28,30.88163004,0.379962193
190.68,0,125.4,162.14,7.77,1090,804.01,28,26.40003604,0.5129714
266,112,87,178,10,910,745,28,39.41734292,0.382795699
166.09,0,163.27,176.46,4.49,1058.6,780.09,100,33.5430074,0.535766335
475,0,0,228,0,932,594,365,41.9346198,0.48
321.4,0,127.9,182.5,11.5,870.1,779.7,28,37.26548832,0.406187403
139.6,209.4,0,192,0,1047,806.9,28,28.23748958,0.550143266
310,0,0,192,0,970,850,28,27.923778,0.619354839
203.5,305.3,0,203.5,0,963.4,630,90,51.86376367,0.399960692
143.6,0,174.9,158.4,17.9,942.7,844.5,28,15.42357812,0.49733124
446,24,79,162,11.61,967,712,28,57.02655996,0.295081967
154,174,185,228,7,845,612,28,24.3385028,0.444444444
425,106.3,0,153.5,16.5,852.1,887.1,28,60.2946762,0.288913985
531.3,0,0,141.8,28.2,852.1,893.7,91,59.19840936,0.266892528
251.37,0,118.27,192.94,5.75,1043.6,754.3,28,33.27411176,0.52196732
362.6,189,0,164.9,11.6,944.7,755.8,56,77.29715436,0.298948513
155,183,0,193,9,877,868,28,23.786922,0.571005917
165,0.02,143.57,163.81,0,1005.6,900.9,56,36.56291228,0.530833792
321,0,128,182,11,870,780,28,37.25928304,0.405345212
212.57,0,100.39,159.35,10.37,1003.8,903.79,56,44.39535964,0.509170501
322,0,0,203,0,974,800,28,25.17966352,0.630434783
475,0,0,162,9.5,1044,662,28,58.52272288,0.341052632
310,0,0,192,0,970,850,180,37.32823064,0.619354839
349,0,0,192,0,1056,809,28,33.60506024,0.550143266
147,115,89,202,9,860,829,28,19.98790924,0.575498575
387,20,94,157,13.93,938,845,56,47.96684532,0.313373253
425,106.3,0,153.5,16.5,852.1,887.1,28,60.2946762,0.288913985
143.8,136.3,106.2,178.1,7.5,941.5,774.3,28,26.14768782,0.461040642
322,0,116,196,10,818,813,28,31.17810472,0.447488584
374,189.2,0,170.1,10.1,926.1,756.7,91,64.90037588,0.302024148
255,99,77,189,6,919,749,28,33.79811352,0.438515081
251.37,0,118.27,188.45,6.35,1028.4,757.73,56,36.63875464,0.509820366
288,121,0,177,7,908,829,28,42.13387836,0.432762836
331,0,0,192,0,978,825,28,31.44700036,0.580060423
500,0,0,200,0,1125,613,28,44.0919902,0.4
427.5,47.5,0,228,0,932,594,270,43.01296026,0.48
222.36,0,96.67,189.29,4.46,967.08,870.32,56,29.44751996,0.593329781
259.9,100.6,78.4,170.6,10.4,935.7,762.9,28,49.77327244,0.38869902
288,192,0,192,0,932,717.8,28,38.80439876,0.4
425,106.3,0,153.5,16.5,852.1,887.1,56,64.30053176,0.288913985
277.19,97.82,24.46,160.7,11.19,1061.7,782.46,56,66.82401392,0.402283025
194.68,0,100.52,165.62,7.48,1006.4,905.9,100,37.34202016,0.56104336
190.34,0,125.18,161.85,9.88,1088.1,802.59,56,38.56239268,0.512962728
140,133,103,200,7,916,753,28,36.4388066,0.531914894
251.37,0,118.27,192.94,5.75,1043.6,754.3,100,40.14818748,0.52196732
313,145,0,127,8,1000,822,28,44.51946532,0.277292576
139.6,209.4,0,192,0,1047,806.9,180,44.20782217,0.550143266
233.81,0,94.58,197.89,4.567,947.04,852.16,100,34.55653712,0.602606657
213.74,0,174.74,154.79,10.16,1053.5,776.35,100,50.07664188,0.398450371
425,106.3,0,153.5,16.5,852.1,887.1,56,64.30053176,0.288913985
152,178,139,168,18,944,695,28,36.34917472,0.358208955
250,0,95.69,191.84,5.33,948.9,857.2,56,39.64487,0.554948075
218.23,54.64,123.78,140.75,11.91,1075.7,792.67,28,55.50971276,0.354846842
450.1,50,0,200,3,1124.4,613.2,28,39.37597436,0.399920016
304,76,0,228,0,932,670,28,47.81378165,0.6
380,0,0,228,0,932,670,90,52.90831981,0.6
342,38,0,228,0,932,670,365,56.14196225,0.6
273,105,82,210,9,904,680,28,37.16965116,0.456521739
333,0,0,192,0,931.2,842.6,90,41.68020315,0.576576577
236,0,0,194,0,968,885,90,21.94602108,0.822033898
236,157,0,192,0,972.6,749.1,28,32.88455782,0.488549618
255,0,0,192,0,889.8,945,90,21.8591471,0.752941176
475,0,0,228,0,932,594,180,42.62064842,0.48
375,0,0,186,0,1038,758,28,38.21075992,0.496
134.7,0,165.7,180.2,10,961,804.9,28,13.29378676,0.599866844
331,0,0,192,0,1025,821,28,31.74347504,0.580060423
149,117.6,91.7,182.9,7.1,953.4,780.3,28,23.52423164,0.51046609
153,239,0,200,6,1002,684,28,26.8550902,0.510204082
252,0,0,185,0,1111,784,28,19.69143456,0.734126984
299.8,0,119.8,211.5,9.9,878.2,727.6,28,23.8358748,0.504051478
135,0,166,180,10,961,805,28,13.29309728,0.598006645
116,173,0,192,0,909.8,891.9,90,31.0236621,0.664359862
190,190,0,228,0,932,670,28,40.85696881,0.6
152.7,144.7,0,178.1,8,999.7,822.2,28,19.0095428,0.598856759
349,0,0,192,0,1056,809,120,40.85834776,0.550143266
374.3,0,0,190.2,6.7,1013.2,730.4,28,39.0560575,0.508148544
250,180,95,159,9.45,860,800,28,67.86512268,0.302857143
200,133,0,192,0,965.4,806.2,90,43.25082948,0.576576577
260,101,78,171,10,936,763,28,49.77327244,0.38952164
190.34,0,125.18,161.85,9.88,1088.1,802.59,100,40.38950408,0.512962728
310,0,0,192,0,1012,830,120,38.70028788,0.619354839
178.03,129.8,118.6,179.94,3.57,1007.3,746.8,100,49.99390476,0.421968436
475,118.8,0,181.1,8.9,852.1,781.5,91,74.19451236,0.304984843
266.2,112.3,87.5,177.9,10.4,909.7,744.5,28,39.42147978,0.381759657
153,102,0,192,0,888,943.1,28,17.96429718,0.752941176
165,0.02,143.57,163.81,0,1005.6,900.9,28,26.200088,0.530833792
374,0,0,190,7,1013,730,28,39.05192064,0.50802139
166.8,250.2,0,203.5,0,975.6,692.6,90,43.56523054,0.488009592
149,153,194,192,8,935,623,28,24.5798194,0.387096774
304,76,0,228,0,932,670,90,49.18514941,0.6
212.52,0,100.37,159.32,8.71,1007.8,903.59,56,42.54756396,0.509188533
540,0,0,173,0,1125,613,28,67.30664712,0.32037037
380,95,0,228,0,932,594,365,43.6982994,0.48
166.8,250.2,0,203.5,0,975.6,692.6,28,33.94772981,0.488009592
469,117.2,0,137.8,32.2,852.1,840.5,91,70.69886904,0.235073354
491,26,123,210,3.93,882,699,28,55.55108132,0.328125
102,153,0,192,0,887,942,90,25.46096973,0.752941176
198.6,132.4,0,192,0,978.4,825.5,180,41.71950328,0.580060423
194.68,0,100.52,165.62,7.48,1006.4,905.9,56,33.96358776,0.56104336
156,178,187,221,7,854,614,28,29.41304616,0.424184261
309.9,142.8,111.2,167.8,22.1,913.9,651.2,28,38.21558625,0.297570491
469,117.2,0,137.8,32.2,852.1,840.5,28,66.89985628,0.235073354
286.3,200.9,0,144.7,11.2,1004.6,803.7,28,67.69964844,0.297003284
277,116.8,91,190.6,7,946.5,665.6,28,43.57833058,0.393151815
288.4,121,0,177.4,7,907.9,829.5,28,42.14008364,0.433317049
362.6,189,0,164.9,11.6,944.7,755.8,28,71.29871316,0.298948513
425,106.3,0,153.5,16.5,852.1,887.1,91,65.19685056,0.288913985
190.34,0,125.18,166.61,9.88,1079,798.9,56,31.715896,0.528048935
254,0,0,198,0,968,863,90,26.94472208,0.779527559
229.97,0,118.31,195.47,4.63,1029.4,758.59,28,24.48329276,0.561243827
147.8,175.1,0,171.2,2.2,1000,828.5,28,26.92265885,0.530195107
326,0,138,199,11,801,792,28,40.679084,0.42887931
321.3,164.2,0,190.5,4.6,870,774,28,57.21823429,0.392378991
350,0,0,203,0,974,775,28,27.3377234,0.58
376,0,0,214.6,0,1003.5,762.36,56,36.3009114,0.570744681
425,106.3,0,153.5,16.5,852.1,887.1,91,65.19685056,0.288913985
307,0,0,193,0,968,812,28,27.53077668,0.628664495
237.5,237.5,0,228,0,932,594,365,38.99538361,0.48
143,169.4,142.7,190.7,8.4,967.4,643.5,28,29.72606826,0.419028785
350,0,0,203,0,974,775,56,29.97841648,0.58
296,0,107,221,11,819,778,28,31.41942132,0.548387097
277,0,0,191,0,968,856,28,25.96566616,0.689530686
144,170,133,192,8,814,805,28,29.86810032,0.429530201
446,24,79,162,11.64,967,712,28,44.42293868,0.295081967
173.81,93.37,159.9,172.34,9.73,1007.2,746.6,28,37.81086384,0.403530954
213.74,0,174.74,154.79,10.16,1053.5,776.35,28,40.14818748,0.398450371
167.95,42.08,163.83,121.75,5.72,1058.7,780.11,28,24.24197616,0.325656663
277.05,0,97.39,160.6,11.83,973.9,875.61,56,51.03501352,0.428907168
424,22,132,168,8.92,822,750,28,72.09850532,0.290657439
212.52,0,100.37,159.32,8.71,1007.8,903.59,100,42.919881,0.509188533
155,0,143,193,9,877,868,28,9.73540112,0.647651007
213.5,0,174.24,159.21,11.66,1043.6,771.9,28,44.63667624,0.410610203
255.5,170.3,0,185.7,0,1026.6,724.3,28,32.05167081,0.436120244
246.83,0,125.08,143.3,11.99,1086.8,800.89,100,66.42411784,0.385308274
277,0,0,191,0,968,856,90,31.25394708,0.689530686
148.1,0,182.1,181.4,15,838.9,884.3,28,15.52631004,0.549364022
229.68,0,118.16,195.23,6.13,1028.1,757.63,100,40.85834776,0.561263799
146.5,114.6,89.3,201.9,8.8,860,829.5,28,19.98790924,0.57619863
212.57,0,100.39,159.35,10.37,1003.8,903.79,28,37.404073,0.509170501
251.81,0,99.94,146.14,12.35,1006,899.76,28,33.94290348,0.415465529
310,0,0,192,0,970,850,90,34.6806428,0.619354839
210.7,316.1,0,185.7,0,977,689.3,28,37.81362174,0.352505695
425,106.3,0,153.5,16.5,852.1,887.1,56,64.30053176,0.288913985
336.5,0,0,181.9,3.4,985.8,816.8,28,44.86834018,0.540564636
310,143,0,168,10,914,804,28,45.2985732,0.370860927
190.68,0,125.4,162.14,7.77,1090,804.01,100,40.56876784,0.5129714
200,200,0,190,0,1145,660,28,49.24927068,0.475
190,190,0,228,0,932,670,180,46.93194184,0.6
239.6,359.4,0,185.7,0,941.6,664.3,28,39.4352693,0.310016694
251.37,0,118.27,188.45,5.75,1028.4,757.73,100,43.58177796,0.509820366
194.68,0,100.52,165.62,7.48,1006.4,905.9,28,25.72434956,0.56104336
475,0,0,228,0,932,594,28,39.28978986,0.48
425,106.3,0,153.5,16.5,852.1,887.1,28,60.2946762,0.288913985
388.6,97.1,0,157.9,12.1,852.1,925.7,28,50.69717028,0.325097797
151.8,178.1,138.7,167.5,18.3,944,694.6,28,36.3498642,0.357447717
149,236,0,176,13,847,893,28,32.9569528,0.457142857
400,0,0,187,0,1025,745,28,43.69898888,0.4675
366,187,0,191,7,824,757,28,65.90701084,0.345388788
166,260,0,183,13,859,827,28,37.91428524,0.429577465
143.7,170.2,132.6,191.6,8.5,814.1,805.3,28,29.87085822,0.429115342
342,38,0,228,0,932,670,180,52.1243856,0.6
183.9,122.6,0,203.5,0,959.2,800,28,24.04616498,0.663947798
164.6,0,150.4,181.6,11.7,1023.3,728.9,28,18.03393426,0.576507937
302,0,0,203,0,974,817,28,21.7529678,0.67218543
393,0,0,192,0,940,758,28,39.58281716,0.488549618
122.6,183.9,0,203.5,0,958.2,800.1,28,24.29092896,0.663947798
332.5,142.5,0,228,0,932,594,365,41.05277999,0.48
173,116,0,192,0,946.8,856.8,28,24.28196577,0.664359862
155,183,0,193,9,1047,697,28,18.28490352,0.571005917
427.5,47.5,0,228,0,932,594,180,41.8367142,0.48
151,0,185,167,16,1074,678,28,13.45857152,0.49702381
213.72,98.05,24.51,181.71,6.86,1065.8,785.38,28,45.70536404,0.540353277
296,0,0,192,0,1085,765,28,21.6495464,0.648648649
380,95,0,228,0,932,594,180,40.75906322,0.48
251.37,0,118.27,188.45,6.35,1028.4,757.73,28,32.66047812,0.509820366
281,0,0,185,0,1104,774,28,22.43554904,0.658362989
298,0,107,186,6,879,815,28,42.63719584,0.459259259
349,0,0,192,0,1047,806,28,32.72253096,0.550143266
250,0,95.69,187.42,5.53,956.86,861.17,100,42.34761592,0.542162053
236,0,0,194,0,968,885,28,18.41590396,0.822033898
500,0,0,200,0,1125,613,90,47.22221124,0.4
160.2,188,146.4,203.2,11.3,828.7,709.7,28,35.31427124,0.41083704
313.3,262.2,0,175.5,8.6,1046.9,611.8,28,59.79825348,0.304952215
540,0,0,173,0,1125,613,180,71.62276688,0.32037037
387,20,94,157,14.32,938,845,28,50.23522136,0.313373253
446,24,79,162,11.64,967,712,56,55.25460664,0.295081967
323.7,282.8,0,183.8,10.3,942.7,659.9,28,74.69782984,0.303050289
238,0,0,185,0,1118,789,28,17.54026944,0.777310924
317.9,0,126.5,209.7,5.7,860.5,736.6,28,40.06200298,0.471872187
277.05,0,97.39,160.6,11.83,973.9,875.61,100,55.6407132,0.428907168
261.9,110.5,86.1,195.4,5,895.2,732.6,28,33.71882378,0.426172301
238.05,0,94.11,186.66,7,949.91,847.01,100,44.298833,0.561958092
254,0,0,198,0,968,863,365,29.7853632,0.779527559
251.37,0,118.27,188.45,6.35,1028.4,757.73,100,44.20920112,0.509820366
337.9,189,0,174.9,9.5,944.7,755.8,28,49.89737812,0.331941545
122.6,183.9,0,203.5,0,958.2,800.1,90,33.19206412,0.663947798
173.54,50.05,173.53,164.77,6.47,1006.2,793.5,100,56.06129356,0.414912369
266,114,0,228,0,932,670,270,51.73276323,0.6
451,0,0,165,11.25,1030,745,28,78.80021204,0.365853659
108.3,162.4,0,203.5,0,938.2,849,90,29.23171397,0.75175471
427.5,47.5,0,228,0,932,594,90,41.54299743,0.48
182.04,45.21,121.97,170.21,8.19,1059.4,780.65,28,31.2677366,0.487400493
284,15,141,179,5.46,842,801,56,44.52045028,0.406818182
295,0,0,185,0,1069,769,28,25.17966352,0.627118644
135,105,193,196,6,965,643,28,21.91154728,0.452655889
382,0,0,185,0,1047,739,28,37.42475728,0.484293194
425,106.3,0,153.5,16.5,852.1,887.1,91,65.19685056,0.288913985
148.5,139.4,108.6,192.7,6.1,892.4,780,28,23.69660064,0.486002522
307,0,0,193,0,968,812,90,32.922479,0.628664495
167.95,42.08,163.83,121.75,5.72,1058.7,780.11,100,39.2311844,0.325656663
159,187,0,176,11,990,789,28,32.76389952,0.50867052
273,0,90,199,11,931,762,28,32.23989776,0.548209366
388.6,97.1,0,157.9,12.1,852.1,925.7,56,55.19944856,0.325097797
275,180,120,162,10.35,830,765,28,76.23536132,0.28173913
281,0,0,186,0,1104,774,28,22.43554904,0.661921708
162,214,164,202,10,820,680,28,30.6472082,0.374074074
222.36,0,96.67,189.29,4.46,967.08,870.32,100,40.7135578,0.593329781
237.5,237.5,0,228,0,932,594,28,30.07976945,0.48
108.3,162.4,0,203.5,0,938.2,849,28,20.59395864,0.75175471
165,128.5,132.1,175.06,8.08,1005.8,746.6,100,55.0201848,0.411325188
305.3,203.5,0,203.5,0,965.4,631,28,43.37700359,0.399960692
168.88,42.22,124.25,158.33,10.83,1080.8,796.15,100,48.15300384,0.472133592
173.81,93.37,159.9,172.34,9.73,1007.2,746.6,100,50.93848688,0.403530954
132,207,161,179,5,867,736,28,33.3016908,0.358
136,196,98,199,6,847,783,28,26.96540636,0.462790698
233.81,0,94.58,197.89,4.567,947.04,852.16,28,22.83544512,0.602606657
310,0,0,192,0,1012,830,28,27.82725136,0.619354839
250.2,166.8,0,203.5,0,977.6,694.1,28,36.96418731,0.488009592
167,75.4,167,164.03,7.91,1007.3,770.1,28,41.40992856,0.400659502
154.8,183.4,0,193.3,9.1,877.2,867.7,28,23.786922,0.571555293
190.34,0,125.18,166.61,9.88,1079,798.9,28,24.84871504,0.528048935
160,250,0,168,12,1049,688,28,39.45181672,0.409756098
266,114,0,228,0,932,670,180,48.69562145,0.6
277.19,97.82,24.46,160.7,11.19,1061.7,782.46,100,66.9481196,0.402283025
298.2,0,107,209.7,11.1,879.6,744.2,28,31.87516496,0.517522211
313,0,113,178,8,1002,689,28,36.80422888,0.417840376
264.5,111,86.5,195.5,5.9,832.6,790.4,28,41.54230795,0.423160173
500,0,0,151,9,1033,655,28,69.83702404,0.302
143,169,143,191,8,967,643,28,29.72331036,0.41978022
190.34,0,125.18,161.85,9.88,1088.1,802.59,28,28.46846404,0.512962728
397,0,0,185,0,1040,734,28,39.0932892,0.465994962
200,0,0,180,0,1125,845,28,12.24509376,0.9
250.2,166.8,0,203.5,0,977.6,694.1,90,47.7144971,0.488009592
159.1,186.7,0,175.6,11.3,989.6,788.9,28,32.76803638,0.507807981
312.9,160.5,0,177.6,9.6,916.6,759.5,28,52.44637089,0.375158428
439,177,0,186,11.1,884.9,707.9,91,73.29819356,0.301948052
238.2,158.8,0,185.7,0,1040.6,734.3,28,26.91369566,0.467758186
218.23,54.64,123.78,140.75,11.91,1075.7,792.67,100,63.52831864,0.354846842
485,0,0,146,0,1120,800,28,71.98818916,0.301030928
339,0,0,197,0,968,781,28,32.03994972,0.581120944
213.5,0,174.24,159.21,11.66,1043.6,771.9,100,52.95865156,0.410610203
397,17.2,158,167,20.8,967,633,28,55.64760796,0.291855994
379.5,151.2,0,153.9,15.9,1134.3,605,28,52.20022796,0.289994347
310,142.8,0,167.9,10,914.3,804,28,45.30477848,0.370803887
350,0,0,203,0,974,775,180,32.72253096,0.58
280,129,100,172,9,825,805,28,52.82075636,0.337917485
276,116,90,180,9,870,768,28,44.27814872,0.373443983
331,170,0,195,8,811,802,28,56.61287436,0.389221557
349,0,0,192,0,1056,809,90,40.65839972,0.550143266
436,0,0,218,0,838.4,719.7,28,23.84897484,0.5
213.74,0,174.74,154.79,10.16,1053.5,776.35,56,46.6430514,0.398450371
156,243,0,180,11,1022,698,28,37.36270444,0.45112782
491,26,123,201,3.93,822,699,56,61.85584685,0.3140625
214.9,53.8,121.89,155.63,9.61,1014.3,780.58,28,52.20022796,0.398448501
389.9,189,0,145.9,22,944.7,755.8,91,82.5992248,0.252029712
304.8,0,99.6,196,9.8,959.4,705.2,28,30.12320644,0.484668645
401.8,94.7,0,147.4,11.4,946.8,852.1,91,75.497622,0.296878147
275,0,0,183,0,1088,808,28,24.49708228,0.665454545
153,145,113,178,8,867,824,28,26.22766704,0.433090024
157,214,152,200,9,819,704,28,33.05347944,0.382409178
166,259.7,0,183.2,12.7,858.8,826.8,28,37.91704314,0.430350012
194.68,0,100.52,170.17,7.48,998,901.8,100,44.27814872,0.57645664
238,0,0,186,0,1119,789,28,17.54026944,0.781512605
380,0,0,228,0,932,670,180,53.104131,0.6
275.07,0,121.35,159.48,9.9,1053.6,777.5,28,51.3314882,0.40230059
337.9,189,0,174.9,9.5,944.7,755.8,91,67.79617508,0.331941545
149.5,236,0,175.8,12.6,846.8,892.7,28,32.96384756,0.456031128
376,0,0,214.6,0,1003.5,762.36,100,43.0577762,0.570744681
252.1,97.1,75.6,193.8,8.3,835.5,821.4,28,33.39959639,0.456214689
446,24,79,162,11.64,967,712,56,56.14403068,0.295081967
183.9,122.6,0,203.5,0,959.2,800,90,32.53292506,0.663947798
237,92,71,247,6,853,695,28,28.62704352,0.6175
144,136,106,178,7,941,774,28,26.14492992,0.461139896
287,121,94,188,9,904,696,28,41.94082508,0.374501992
203.5,135.7,0,185.7,0,1076.2,759.3,28,22.62998127,0.547464623
158.6,148.9,116,175.1,15,953.3,719.7,28,27.68108245,0.413459268
139.6,209.4,0,192,0,1047,806.9,360,44.6980396,0.550143266
505,0,60,195,0,1030,630,28,64.0178466,0.345132743
213.5,0,174.24,154.61,11.66,1052.3,775.48,100,59.30183076,0.398746583
144,0,175,158,18,943,844,28,15.41668336,0.495297806
425,106.3,0,151.4,18.6,936,803.7,91,66.69990824,0.284961415
379.5,151.2,0,153.9,15.9,1134.3,605,56,54.89607912,0.289994347
249.1,0,98.75,158.11,12.8,987.76,889.01,56,42.03045696,0.454535001
214.9,53.8,121.89,155.63,9.61,1014.3,780.58,100,56.63355864,0.398448501
262,111,86,195,5,895,733,28,33.7153764,0.424836601
151,0,184,167,12,991,772,28,15.56836808,0.498507463
295.71,0,95.64,171.54,8.87,955.14,859.2,28,39.94134468,0.438328862
212.07,0,121.62,180.31,5.69,1057.6,779.32,100,39.6103962,0.540351824
314,145,113,179,8,869,690,28,46.2293658,0.312937063
288,192,0,192,0,932,717.8,90,50.52686971,0.4
380,0,0,228,0,932,670,270,53.30063166,0.6
355,19,97,145,12.25,967,871,28,55.45455468,0.307855626
162,207,172,216,10,822,638,28,39.84481804,0.399260628
295.8,0,0,185.7,0,1091.4,769.3,28,25.21689522,0.627789047
202,11,141,206,1.72,942,801,28,21.96670536,0.581920904
272.8,181.9,0,185.7,0,1012.4,714.3,28,31.38150014,0.408401144
307,0,0,193,0,968,812,365,36.14922668,0.628664495
425,106.3,0,151.4,18.6,936,803.7,28,61.79773388,0.284961415
165,0,150,182,12,1023,729,28,18.0297974,0.577777778
150.7,0,185.3,166.7,15.6,1074.5,678,28,13.46132942,0.496130952
475,0,59,142,1.9,1098,641,28,57.226508,0.265917603
374,189.2,0,170.1,10.1,926.1,756.7,56,63.3973182,0.302024148
277,0,0,191,0,968,856,360,33.70158688,0.689530686
540,0,0,173,0,1125,613,270,74.16693332,0.32037037
325,0,0,184,0,1063,783,28,30.57136584,0.566153846
133,200,0,192,0,927.4,839.2,28,27.8748252,0.576576577
146,230,0,202,3,827,872,28,33.0603742,0.537234043
333,17.5,163,167,17.9,996,652,28,47.27736932,0.325219085
116,173,0,192,0,909.8,891.9,28,22.34798559,0.664359862
184,86,190,213,6,923,623,28,22.93197176,0.463043478
213.76,98.06,24.52,181.74,6.65,1066,785.52,28,40.2309246,0.540346078
135.7,203.5,0,185.7,0,1076.2,759.3,28,18.19871902,0.547464623
316.1,210.7,0,185.7,0,977,689.3,28,38.70028788,0.352505695
427.5,47.5,0,228,0,932,594,365,43.6982994,0.48
153.6,144.2,112.3,220.1,10.1,923.2,657.9,28,16.50398701,0.536698366
192,288,0,192,0,929.8,716.1,90,50.73233356,0.4
289,0,0,192,0,913.2,895.3,90,32.06821824,0.664359862
300,0,120,212,10,878,728,28,23.83518532,0.504761905
145,0,134,181,11,979,812,28,13.19657064,0.64874552
173.54,50.05,173.53,164.77,6.47,1006.2,793.5,28,38.20386516,0.414912369
166.09,0,163.27,176.46,4.49,1058.6,780.09,56,28.62704352,0.535766335
330.5,169.6,0,194.9,8.1,811,802.3,28,56.61907964,0.389722056
382,0,0,186,0,1047,739,28,37.42475728,0.486910995
298,137,107,201,6,878,655,28,53.52402188,0.370848708
312.7,0,0,178.1,8,999.7,822.2,28,25.10382116,0.569555484
525,0,0,189,0,1125,613,90,58.78472376,0.36
172.38,13.61,172.37,156.76,4.14,1006.3,856.4,28,33.68779736,0.437437214
297.16,0,117.54,174.8,9.52,1022.8,753.45,28,47.401475,0.421509525
362.6,189,0,164.9,11.6,944.7,755.8,28,71.29871316,0.298948513
500.1,0,0,200,3,1124.4,613.2,28,44.13335876,0.399920016
250,0,95.69,187.42,5.53,956.86,861.17,28,29.21999288,0.542162053
290.35,0,96.18,168.08,9.41,961.18,865,100,48.97348028,0.43484335
531.3,0,0,141.8,28.2,852.1,893.7,28,56.3991368,0.266892528
439,177,0,186,11.1,884.9,707.9,28,65.99664272,0.301948052
153,145,113,178,8,1002,689,28,25.55887532,0.433090024
150.9,0,183.9,166.6,11.6,991.2,772.2,28,15.56974703,0.497610514
540,0,0,162,2.5,1055,676,28,61.88736576,0.3
289,0,0,192,0,913.2,895.3,28,25.57335432,0.664359862
142,167,130,174,11,883,785,28,44.6090972,0.396355353
212,141.3,0,203.5,0,973.4,750,28,33.00383717,0.575997736
531.3,0,0,141.8,28.2,852.1,893.7,56,58.79851328,0.266892528
520,0,0,170,5.2,855,855,28,60.28088668,0.326923077
313,161,0,178,10,917,759,28,52.44154456,0.375527426
153,102,0,192,0,888,943.1,90,26.32281473,0.752941176
190,190,0,228,0,932,670,270,50.65511224,0.6
525,0,0,189,0,1125,613,270,67.11359384,0.36
375,93.8,0,126.6,23.4,852.1,992.6,56,60.19814956,0.270051195
164,0,200,181,13,849,846,28,15.08573488,0.497252747
332.5,142.5,0,228,0,932,594,90,37.72192144,0.48
266,114,0,228,0,932,670,365,52.90831981,0.6
313.8,0,112.6,169.9,10.1,925.3,782.9,28,38.46103971,0.398452158
389.9,189,0,145.9,22,944.7,755.8,56,79.40005616,0.252029712
212,0,124.78,159,7.84,1085.4,799.54,28,38.50033984,0.472118297
133.1,210.2,0,195.7,3.1,949.4,795.3,28,28.9379972,0.570055345
296,0,0,192,0,1085,765,90,29.39236188,0.648648649
160,128,122,182,6.4,824,879,28,39.39665864,0.443902439
164.2,0,200.1,181.2,12.6,849.3,846,28,15.09125069,0.497392259
194.68,0,100.52,170.17,7.48,998,901.8,28,37.2661778,0.57645664
349,0,0,192,0,1047,806,180,41.05140104,0.550143266
155.2,183.9,143.2,193.8,9.2,879.6,698.5,28,28.99108685,0.401824591
190.68,0,125.4,162.14,7.77,1090,804.01,56,35.34253976,0.5129714
272.8,105.1,81.8,209.7,9,904,679.7,28,37.17103011,0.456167065
229.68,0,118.16,195.23,6.13,1028.1,757.63,28,24.53845084,0.561263799
213.76,98.06,24.52,181.74,6.65,1066,785.52,100,49.97322048,0.540346078
310,0,0,192,0,970,850,360,38.11423328,0.619354839
167,187,195,185,7,898,636,28,23.8903434,0.336976321
167.35,129.9,128.62,175.46,7.79,1006.3,746.6,56,51.72448952,0.412003663
154,144,112,220,10,923,658,28,16.49916068,0.536585366
155.6,243.5,0,180.3,10.7,1022,697.7,28,37.36339392,0.451766475
387,20,94,157,11.61,938,845,28,46.68441996,0.313373253
172.38,13.61,172.37,156.76,4.14,1006.3,856.4,100,37.6798634,0.437437214
181.9,272.8,0,185.7,0,1012.4,714.3,28,27.93549909,0.408401144
202,11,141,206,1.72,942,801,56,23.24519085,0.581920904
255,0,0,192,0,889.8,945,28,18.74616296,0.752941176
525,0,0,189,0,1125,613,28,55.94408264,0.36
250,0,95.69,187.42,5.53,956.86,861.17,56,38.32797084,0.542162053
279.8,128.9,100.4,172.4,9.5,825.1,804.9,28,52.82696164,0.33863681
159,149,116,175,15,953,720,28,27.67556664,0.412735849
380,95,0,228,0,932,594,270,41.15137506,0.48
302,0,0,203,0,974,817,180,26.74477404,0.67218543
339,0,0,185,0,1060,754,28,31.6469484,0.545722714
446,24,79,162,10.3,967,712,56,54.76507868,0.295081967
305,0,100,196,10,959,705,28,30.12320644,0.483950617
387,20,94,157,13.93,938,845,28,46.68441996,0.313373253
388.6,97.1,0,157.9,12.1,852.1,925.7,91,57.59882504,0.325097797
277.19,97.82,24.46,160.7,11.19,1061.7,782.46,28,63.14221208,0.402283025
480,0,0,192,0,936,721,90,54.27555072,0.4
540,0,0,162,2.5,1040,676,28,79.98611076,0.3
140,164,128,237,6,869,656,28,35.22532884,0.548611111
310,0,0,192,0,1012,830,90,35.76312012,0.619354839
380,95,0,228,0,932,594,90,40.56325203,0.48
297.16,0,117.54,174.8,9.52,1022.8,753.45,56,51.95891136,0.421509525
236.9,91.7,71.5,246.9,6,852.9,695.4,28,28.62980142,0.617095726
516,0,0,162,8.26,801,802,28,41.36856,0.313953488
154.8,0,142.8,193.3,9.1,877.2,867.7,28,9.738159024,0.64952957
339,0,0,197,0,968,781,180,36.44570136,0.581120944
165,128.5,132.1,175.06,8.08,1005.8,746.6,56,53.72396992,0.411325188
528,0,0,185,6.86,920,720,28,56.83350668,0.350378788
350,0,0,203,0,974,775,90,31.35047372,0.58
500,0,0,140,4,966,853,28,67.568648,0.28
322.2,0,115.6,196,10.4,817.9,813.4,28,31.1787942,0.447693011
153.1,145,113,178.5,8,867.2,824,28,26.23318285,0.434200924
266,114,0,228,0,932,670,90,47.02984744,0.6
272.6,0,89.6,198.7,10.6,931.3,762.2,28,32.24541357,0.548591938
250,0,95.69,191.84,5.33,948.9,857.2,28,27.22051248,0.554948075
305.3,203.5,0,203.5,0,965.4,631,90,54.59891496,0.399960692
249.1,0,98.75,158.11,12.8,987.76,889.01,100,51.0556978,0.454535001
133,210,0,196,3,949,795,28,31.02642,0.571428571
145,116,119,184,5.7,833,880,28,29.15794004,0.484210526
167.95,42.08,163.83,121.75,5.72,1058.7,780.11,56,32.8535314,0.325656663
170.3,155.5,0,185.7,0,1026.6,724.3,28,25.72641799,0.569981584
238.1,0,0,185.7,0,1118.8,789.3,28,17.57612219,0.779924402
166.09,0,163.27,176.46,4.49,1058.6,780.09,28,21.53923024,0.535766335
313,145,0,178,8,1002,689,28,41.05140104,0.388646288
145.4,0,178.9,201.7,7.8,824,868.7,28,10.53588276,0.62195498
148,175,0,171,2,1000,828,28,26.91714304,0.529411765
331,0,0,192,0,978,825,90,37.231704,0.580060423
331,0,0,192,0,978,825,180,38.99676256,0.580060423
212.52,0,100.37,159.32,8.71,1007.8,903.59,28,31.64005364,0.509188533
375,93.8,0,126.6,23.4,852.1,992.6,28,56.69561148,0.270051195
326,166,0,174,9,882,790,28,61.23236356,0.353658537
375,93.8,0,126.6,23.4,852.1,992.6,91,62.5009994,0.270051195
393,0,0,192,0,940.6,785.6,28,39.60488039,0.488549618
250,0,95.69,191.84,5.33,948.9,857.2,100,41.1617172,0.554948075
385,0,0,186,0,966,763,28,31.35047372,0.483116883
225,0,0,181,0,1113,833,28,17.3403214,0.804444444
213.76,98.06,24.52,181.74,6.65,1066,785.52,56,47.13257936,0.540346078
165,128.5,132.1,175.06,8.08,1005.8,746.6,28,46.38794528,0.411325188
359,19,141,154,10.91,942,801,28,59.49488404,0.29672447
313.3,145,0,178.5,8,867.2,824,28,40.92522693,0.389482871
298,0,107,164,13,953,784,28,35.85964676,0.404938272
381.4,0,0,185.7,0,1104.6,784.3,28,22.48932817,0.486890404
356,119,0,160,9.03,1061,657,28,58.99846132,0.336842105
190,190,0,228,0,932,670,90,42.32693164,0.6
167,75.4,167,164.03,7.91,1007.3,770.1,56,53.46196904,0.400659502
213.5,0,174.24,159.21,11.66,1043.6,771.9,56,51.25564584,0.410610203
339,0,0,197,0,968,781,90,35.17017076,0.581120944
318.8,212.5,0,155.7,14.3,852.1,880.4,28,55.49592324,0.293054771
290.35,0,96.18,168.08,9.41,961.18,865,56,45.08483564,0.43484335
214.9,53.8,121.89,155.63,9.61,1014.3,780.58,56,53.95839176,0.398448501
167.35,129.9,128.62,175.46,7.79,1006.3,746.6,28,41.20308576,0.412003663
277,0,0,191,0,968,856,180,32.32952964,0.689530686
362.6,189,0,164.9,11.6,944.7,755.8,91,79.29663476,0.298948513
236,0,0,193,0,968,885,180,24.10408096,0.81779661
446,24,79,162,11.61,967,712,56,61.06688932,0.295081967
234,156,0,189,5.85,981,760,28,39.300132,0.484615385
136.4,161.6,125.8,171.6,10.4,922.6,764.4,28,29.07313449,0.404907975
304,140,0,214,6,895,722,28,33.41890172,0.481981982
397,0,0,186,0,1040,734,28,36.93522932,0.468513854
285,190,0,163,7.6,1031,685,28,53.57917996,0.343157895
145.9,230.5,0,202.5,3.4,827,871.8,28,32.72046253,0.537991498
155,0,143,193,9,1047,697,28,12.45883132,0.647651007
251.37,0,118.27,188.45,5.75,1028.4,757.73,56,36.96970312,0.509820366
144.8,0,133.6,180.8,11.1,979.5,811.5,28,13.20208645,0.649425287
332.5,142.5,0,228,0,932,594,28,33.01900564,0.48
229.97,0,118.31,195.47,4.63,1029.4,758.59,100,35.34253976,0.561243827
236,157,0,192,0,972.6,749.1,90,47.78206575,0.488549618
151.6,0,111.9,184.4,7.9,992,815.9,28,12.18097249,0.699810247
322,149,0,186,8,951,709,28,52.42086028,0.394904459
148,0,182,181,15,839,884,28,15.52010476,0.548484848
231.75,0,121.62,173.96,6.72,1056.4,778.45,100,45.83636448,0.492288536
190,190,0,228,0,932,670,365,53.69225402,0.6
389.9,189,0,145.9,22,944.7,755.8,28,74.4978818,0.252029712
355.9,0,141.6,193.3,11,801.4,778.4,28,40.8686899,0.388542714
284,120,0,168,7,970,794,28,40.93419012,0.415841584
401.8,94.7,0,147.4,11.4,946.8,852.1,56,73.69808964,0.296878147
157,236,0,192,0,935.4,781.2,28,33.66435518,0.488549618
266,114,0,228,0,932,670,28,45.85429086,0.6
222.36,0,96.67,189.29,4.46,967.08,870.32,28,24.8900836,0.593329781
139.9,132.6,103.3,200.3,7.4,916,753.4,28,36.44363293,0.532996275
500,0,0,200,0,1125,613,180,51.04190828,0.4
246.83,0,125.08,143.3,11.99,1086.8,800.89,28,52.5035974,0.385308274
321,164,0,190,5,870,774,28,57.21271848,0.391752577
362.6,189,0,164.9,11.6,944.7,755.8,56,77.29715436,0.298948513
382.5,0,0,185.7,0,1047.8,739.3,28,37.43785732,0.485490196
158,0,195,220,11,898,713,28,8.53571288,0.623229462
314,0,113,170,10,925,783,28,38.45897128,0.398126464
229.68,0,118.16,195.23,6.13,1028.1,757.63,56,31.35047372,0.561263799
102,153,0,192,0,887,942,28,17.27551066,0.752941176
252.31,0,98.75,146.25,14.17,987.76,889.01,28,50.60064364,0.416595454
200,133,0,192,0,965.4,806.2,28,30.43967592,0.576576577
331,0,0,192,0,978,825,360,41.24445432,0.580060423
380,95,0,228,0,932,594,28,36.44776979,0.48
276.4,116,90.3,179.6,8.9,870.1,768.3,28,44.284354,0.372073752
298.1,0,107,186.4,6.1,879,815.2,28,42.6440906,0.4601333
339,0,0,185,0,1069,754,28,31.84000168,0.545722714
362.6,189,0,164.9,11.6,944.7,755.8,56,77.29715436,0.298948513
325.6,166.4,0,174,8.9,881.6,790,28,61.23581094,0.353658537
304,76,0,228,0,932,670,180,50.94882902,0.6
252,0,0,185,0,1111,784,28,19.69143456,0.734126984
307,0,0,193,0,968,812,180,34.48758952,0.628664495
339,0,0,197,0,968,781,365,38.89334116,0.581120944
516,0,0,162,8.2,801,802,28,41.36856,0.313953488
277,117,91,191,7,946,666,28,43.5748832,0.393814433
153,145,0,178,8,1000,822,28,19.00885332,0.597315436
162,190,148,179,19,838,741,28,33.75674496,0.358
313.3,262.2,0,175.5,8.6,1046.9,611.8,56,64.90037588,0.304952215
186.2,124.1,0,185.7,0,1083.4,764.3,28,17.59680647,0.59845311
491,26,123,210,3.93,882,699,56,59.59042572,0.328125
145,0,179,202,8,824,869,28,10.53519328,0.62345679
212,0,124.78,159,7.84,1085.4,799.54,100,47.8151606,0.472118297
133,200,0,192,0,927.4,839.2,90,36.58842289,0.576576577
313.3,262.2,0,175.5,8.6,1046.9,611.8,91,66.59648684,0.304952215
424,22,132,178,8.48,822,750,28,62.05284,0.307958478
475,0,0,228,0,932,594,90,42.22902605,0.48
359,19,141,154,10.91,942,801,28,62.93536928,0.29672447
213.72,98.05,24.51,181.71,6.86,1065.8,785.38,100,53.90323368,0.540353277
252.31,0,98.75,146.25,14.17,987.76,889.01,100,60.9496784,0.416595454
326.5,0,137.9,199,10.8,801.1,792.5,28,38.6306508,0.428509905
182.04,45.21,121.97,170.21,8.19,1059.4,780.65,100,48.67011084,0.487400493
218.23,54.64,123.78,140.75,11.91,1075.7,792.67,56,61.99078716,0.354846842
393,0,0,192,0,940.6,785.6,90,48.8466167,0.488549618
525,0,0,189,0,1125,613,180,61.92183956,0.36
359,19,141,154,10.91,942,801,56,68.75060685,0.29672447
374,189.2,0,170.1,10.1,926.1,756.7,28,61.09446836,0.302024148
362.6,189,0,164.9,11.6,944.7,755.8,91,79.29663476,0.298948513
178.03,129.8,118.6,179.94,3.57,1007.3,746.8,56,48.58737372,0.421968436
332.5,142.5,0,228,0,932,594,270,40.26953526,0.48
238.05,0,94.11,186.66,7,949.91,847.01,28,30.2335226,0.561958092
260.9,100.5,78.3,200.6,8.6,864.5,761.5,28,32.40123514,0.45622015
522,0,0,146,0,896,896,28,74.98740976,0.279693487
332.5,142.5,0,228,0,932,594,180,39.77931782,0.48
290.35,0,96.18,168.08,9.41,961.18,865,28,34.73580088,0.43484335
397,0,0,185.7,0,1040.6,734.3,28,33.08243743,0.467758186
304,76,0,228,0,932,670,365,55.26012245,0.6
289,133.7,0,194.9,5.5,924.1,760.1,28,46.24729218,0.461083511
181.38,0,167.01,169.59,7.56,1055.6,777.8,28,27.77209328,0.486782055
132,206.5,160.9,178.9,5.5,866.9,735.6,28,33.30651713,0.358229876
229.97,0,118.31,195.47,4.63,1029.4,758.59,56,31.53663224,0.561243827
148.1,0,136.6,158.1,16.1,1001.8,830.1,28,17.95947085,0.555321391
312.7,144.7,0,127.3,8,999.7,822.2,28,44.52360218,0.278312199
295.71,0,95.64,171.54,8.87,955.14,859.2,100,52.04164848,0.438328862
446,24,79,162,10.3,967,712,28,53.38612668,0.295081967
297.16,0,117.54,174.8,9.52,1022.8,753.45,100,56.7438748,0.421509525
203.5,305.3,0,203.5,0,963.4,630,28,41.68434001,0.399960692
322,0,0,203,0,974,800,180,29.58541516,0.630434783
192,288,0,192,0,929.8,716.1,28,39.32150576,0.4
231.75,0,121.62,173.96,6.72,1056.4,778.45,56,42.69924868,0.492288536
249.1,0,98.75,158.11,12.8,987.76,889.01,28,30.84715624,0.454535001
149,118,92,183,7,953,780,28,23.51802636,0.509749304
139.7,163.9,127.7,236.7,5.8,868.6,655.6,28,35.22532884,0.548805936
212,0,124.78,159,7.84,1085.4,799.54,56,45.08483564,0.472118297
